

INSERT INTO probasket.TIPOMENU (CODTIPOMENU, DESCRIPCION) VALUES ('00', 'Tipo Menu Normal');
INSERT INTO probasket.TIPOMENU (CODTIPOMENU, DESCRIPCION) VALUES ('01', 'Tipo Menu NO Liga');
INSERT INTO probasket.TIPOMENU (CODTIPOMENU, DESCRIPCION) VALUES ('02', 'Tipo Menu Administrador');
INSERT INTO probasket.TIPOMENU (CODTIPOMENU, DESCRIPCION) VALUES ('03', 'Tipo Menu Draft');

INSERT INTO probasket.MENU (CODMENU, DESCRIPCION, CODTIPOMENU) VALUES ('001', 'Equipo','00');
INSERT INTO probasket.MENU (CODMENU, DESCRIPCION, CODTIPOMENU) VALUES ('002', 'Liga', '00');

INSERT INTO probasket.MENU (CODMENU, DESCRIPCION, CODTIPOMENU) VALUES ('101', 'Crear Liga', '01');
INSERT INTO probasket.MENU (CODMENU, DESCRIPCION, CODTIPOMENU) VALUES ('102', 'Inscribirse', '01');


INSERT INTO probasket.MENU (CODMENU, DESCRIPCION, CODTIPOMENU) VALUES ('201', 'Configuracion', '02');
INSERT INTO probasket.MENU (CODMENU, DESCRIPCION, CODTIPOMENU) VALUES ('202', 'Nacionalidades', '02');
INSERT INTO probasket.MENU (CODMENU, DESCRIPCION, CODTIPOMENU) VALUES ('203', 'Operaciones', '02');
INSERT INTO probasket.MENU (CODMENU, DESCRIPCION, CODTIPOMENU) VALUES ('204', 'Roles', '02');
INSERT INTO probasket.MENU (CODMENU, DESCRIPCION, CODTIPOMENU) VALUES ('205', 'Equipo', '02');
INSERT INTO probasket.MENU (CODMENU, DESCRIPCION, CODTIPOMENU) VALUES ('206', 'Insert Jugs. Fich', '02');
INSERT INTO probasket.MENU (CODMENU, DESCRIPCION, CODTIPOMENU) VALUES ('207', 'Custom Jugs.', '02');
INSERT INTO probasket.MENU (CODMENU, DESCRIPCION, CODTIPOMENU) VALUES ('208', 'Insert Jugador.', '02');

INSERT INTO probasket.MENU (CODMENU, DESCRIPCION, CODTIPOMENU) VALUES ('301', 'Draft', '03');

INSERT INTO probasket.CONFIGURACION (PARAMETRO, VALOR) VALUES ('temporada', '2012');
INSERT INTO probasket.CONFIGURACION (PARAMETRO, VALOR) VALUES ('jornada', '1');
INSERT INTO probasket.CONFIGURACION (PARAMETRO, VALOR) VALUES ('draft', 'N');
INSERT INTO probasket.CONFIGURACION (PARAMETRO, VALOR) VALUES ('dineroInicial', '4000000');

INSERT INTO probasket.ECONOMIA (CODECONO, DINERO) VALUES ('0000000000', 0);

INSERT INTO probasket.EQUIPOREAL (CODEQUIPOREAL, NOMBRE, SIGLAS, ACTIVO, PATROCINIO) VALUES ('001', 'Real Madrid', 'RMA', 'S', 'MMT');
INSERT INTO probasket.EQUIPOREAL (CODEQUIPOREAL, NOMBRE, SIGLAS, ACTIVO, PATROCINIO) VALUES ('002', 'Saski', 'CLA', 'S', 'Caja Laboral');
INSERT INTO probasket.EQUIPOREAL (CODEQUIPOREAL, NOMBRE, SIGLAS, ACTIVO, PATROCINIO) VALUES ('003', 'Gran Canaria', 'HGC', 'S', 'Herbalife');
INSERT INTO probasket.EQUIPOREAL (CODEQUIPOREAL, NOMBRE, SIGLAS, ACTIVO, PATROCINIO) VALUES ('004', 'FC Barcelona', 'FCB', 'S', 'Regal');
INSERT INTO probasket.EQUIPOREAL (CODEQUIPOREAL, NOMBRE, SIGLAS, ACTIVO, PATROCINIO) VALUES ('005', 'Valencia Basket', 'VB', 'S', '');
INSERT INTO probasket.EQUIPOREAL (CODEQUIPOREAL, NOMBRE, SIGLAS, ACTIVO, PATROCINIO) VALUES ('006', 'Bilbao Basket', 'BBB', 'S', 'Uxue');
INSERT INTO probasket.EQUIPOREAL (CODEQUIPOREAL, NOMBRE, SIGLAS, ACTIVO, PATROCINIO) VALUES ('007', 'Estudiantes', 'EST', 'S', 'Asefa');
INSERT INTO probasket.EQUIPOREAL (CODEQUIPOREAL, NOMBRE, SIGLAS, ACTIVO, PATROCINIO) VALUES ('008', 'Zaragoza', 'CAI', 'S', 'CAI');
INSERT INTO probasket.EQUIPOREAL (CODEQUIPOREAL, NOMBRE, SIGLAS, ACTIVO, PATROCINIO) VALUES ('009', 'Juventut', 'JUV', 'S', 'FIATC');
INSERT INTO probasket.EQUIPOREAL (CODEQUIPOREAL, NOMBRE, SIGLAS, ACTIVO, PATROCINIO) VALUES ('010', 'Obradoiro', 'OBR', 'S', 'BlueSens Monbus');
INSERT INTO probasket.EQUIPOREAL (CODEQUIPOREAL, NOMBRE, SIGLAS, ACTIVO, PATROCINIO) VALUES ('011', 'Malaga', 'UNI', 'S', 'Unicaja');
INSERT INTO probasket.EQUIPOREAL (CODEQUIPOREAL, NOMBRE, SIGLAS, ACTIVO, PATROCINIO) VALUES ('012', 'Murcia', 'UCAM', 'S', 'UCAM');
INSERT INTO probasket.EQUIPOREAL (CODEQUIPOREAL, NOMBRE, SIGLAS, ACTIVO, PATROCINIO) VALUES ('013', 'CB Canarias', 'CAN', 'S', '');
INSERT INTO probasket.EQUIPOREAL (CODEQUIPOREAL, NOMBRE, SIGLAS, ACTIVO, PATROCINIO) VALUES ('014', 'Valladolid', 'BRV', 'S', 'Blancos de Rueda');
INSERT INTO probasket.EQUIPOREAL (CODEQUIPOREAL, NOMBRE, SIGLAS, ACTIVO, PATROCINIO) VALUES ('015', 'Sevilla', 'CAJ', 'S', 'Cajasol');
INSERT INTO probasket.EQUIPOREAL (CODEQUIPOREAL, NOMBRE, SIGLAS, ACTIVO, PATROCINIO) VALUES ('016', 'Fuenlabrada', 'MCF', 'S', 'Mad-Croc');
INSERT INTO probasket.EQUIPOREAL (CODEQUIPOREAL, NOMBRE, SIGLAS, ACTIVO, PATROCINIO) VALUES ('017', 'Basket Manresa', 'MAN', 'S', '');
INSERT INTO probasket.EQUIPOREAL (CODEQUIPOREAL, NOMBRE, SIGLAS, ACTIVO, PATROCINIO) VALUES ('018', 'GBC', 'GBC', 'S', 'Lagun Aro');

INSERT INTO probasket.OPERACION(CODOPERA, DESCRIPCION) VALUES ('1', 'Se inicializa la cuenta al registrarse.');
INSERT INTO probasket.OPERACION(CODOPERA, DESCRIPCION) VALUES ('100', 'Abono por venta de jugador.');
INSERT INTO probasket.OPERACION(CODOPERA, DESCRIPCION) VALUES ('101', 'Abono por partido en casa.');
INSERT INTO probasket.OPERACION(CODOPERA, DESCRIPCION) VALUES ('300', 'Cargo por compra de jugador.');

INSERT INTO probasket.ROLE(CODROLE, DESCRIPCION) VALUES ('0', 'Ninguno');
INSERT INTO probasket.ROLE(CODROLE, DESCRIPCION) VALUES ('1', 'Capitan');
INSERT INTO probasket.ROLE(CODROLE, DESCRIPCION) VALUES ('2', 'Anotador');
INSERT INTO probasket.ROLE(CODROLE, DESCRIPCION) VALUES ('3', 'Defensor');

INSERT INTO probasket.LIGA (CODLIGA, NOMBRE, PASSWORD) VALUES ('0000000000', '-','-');

INSERT INTO probasket.EQUIPO (CODEQUIPO, NOMBRE, POSICION, PUNTOTAL, CODLIGA) VALUES ('0000000000', '-',0,0,'0000000000');

INSERT INTO probasket.USUARIO (LOGIN, PASSWORD,EMAIL, NACIMIENTO,SEXO,ACTIVO,ADMINISTRADOR,CODECONO,CODLIGA,CODEQUIPO) 
VALUES ('coue22', 'coue22','a',1979,'H','S','S','0000000000','0000000000','0000000000');


INSERT INTO probasket.NACIONALIDAD (CODNACIONALIDAD, DESCRIPCION, RUTAIMAGEN) VALUES ('ESP','España','');
INSERT INTO probasket.NACIONALIDAD (CODNACIONALIDAD, DESCRIPCION, RUTAIMAGEN) VALUES ('USA','Estados Unidos','');
INSERT INTO probasket.NACIONALIDAD (CODNACIONALIDAD, DESCRIPCION, RUTAIMAGEN) VALUES ('GBR','Gran Bretaña','');
INSERT INTO probasket.NACIONALIDAD (CODNACIONALIDAD, DESCRIPCION, RUTAIMAGEN) VALUES ('DOM','Rep. Dominicana','');
INSERT INTO probasket.NACIONALIDAD (CODNACIONALIDAD, DESCRIPCION, RUTAIMAGEN) VALUES ('ITA','Italia','');
INSERT INTO probasket.NACIONALIDAD (CODNACIONALIDAD, DESCRIPCION, RUTAIMAGEN) VALUES ('ISL','Islandia','');
INSERT INTO probasket.NACIONALIDAD (CODNACIONALIDAD, DESCRIPCION, RUTAIMAGEN) VALUES ('FRA','Francia','');
INSERT INTO probasket.NACIONALIDAD (CODNACIONALIDAD, DESCRIPCION, RUTAIMAGEN) VALUES ('GNQ','Rep. Congo','');
INSERT INTO probasket.NACIONALIDAD (CODNACIONALIDAD, DESCRIPCION, RUTAIMAGEN) VALUES ('SEN','Senegal','');
INSERT INTO probasket.NACIONALIDAD (CODNACIONALIDAD, DESCRIPCION, RUTAIMAGEN) VALUES ('LVA','Letonia','');
INSERT INTO probasket.NACIONALIDAD (CODNACIONALIDAD, DESCRIPCION, RUTAIMAGEN) VALUES ('HUN','Hungria','');
INSERT INTO probasket.NACIONALIDAD (CODNACIONALIDAD, DESCRIPCION, RUTAIMAGEN) VALUES ('BGR','Bulgaria','');
INSERT INTO probasket.NACIONALIDAD (CODNACIONALIDAD, DESCRIPCION, RUTAIMAGEN) VALUES ('MDG','Madagascar','');
INSERT INTO probasket.NACIONALIDAD (CODNACIONALIDAD, DESCRIPCION, RUTAIMAGEN) VALUES ('CMR','Camerun','');
INSERT INTO probasket.NACIONALIDAD (CODNACIONALIDAD, DESCRIPCION, RUTAIMAGEN) VALUES ('DNK','Dinamarca','');
INSERT INTO probasket.NACIONALIDAD (CODNACIONALIDAD, DESCRIPCION, RUTAIMAGEN) VALUES ('LTU','Lituania','');
INSERT INTO probasket.NACIONALIDAD (CODNACIONALIDAD, DESCRIPCION, RUTAIMAGEN) VALUES ('HRV','Croacia','');
INSERT INTO probasket.NACIONALIDAD (CODNACIONALIDAD, DESCRIPCION, RUTAIMAGEN) VALUES ('SVN','Eslovenia','');
INSERT INTO probasket.NACIONALIDAD (CODNACIONALIDAD, DESCRIPCION, RUTAIMAGEN) VALUES ('AZE','Azerbaijan','');

INSERT INTO probasket.NACIONALIDAD (CODNACIONALIDAD, DESCRIPCION, RUTAIMAGEN) VALUES ('0003','Afganistán','');
INSERT INTO probasket.NACIONALIDAD (CODNACIONALIDAD, DESCRIPCION, RUTAIMAGEN) VALUES ('0004','Africa del Sur','');
INSERT INTO probasket.NACIONALIDAD (CODNACIONALIDAD, DESCRIPCION, RUTAIMAGEN) VALUES ('0005','Albania','');
INSERT INTO probasket.NACIONALIDAD (CODNACIONALIDAD, DESCRIPCION, RUTAIMAGEN) VALUES ('0006','Alemania','');
INSERT INTO probasket.NACIONALIDAD (CODNACIONALIDAD, DESCRIPCION, RUTAIMAGEN) VALUES ('0007','Andorra','');
INSERT INTO probasket.NACIONALIDAD (CODNACIONALIDAD, DESCRIPCION, RUTAIMAGEN) VALUES ('0008','Angola','');
INSERT INTO probasket.NACIONALIDAD (CODNACIONALIDAD, DESCRIPCION, RUTAIMAGEN) VALUES ('0009','Antigua y Barbuda','');
INSERT INTO probasket.NACIONALIDAD (CODNACIONALIDAD, DESCRIPCION, RUTAIMAGEN) VALUES ('0010','Antillas Holandesas','');
INSERT INTO probasket.NACIONALIDAD (CODNACIONALIDAD, DESCRIPCION, RUTAIMAGEN) VALUES ('0011','Arabia Saudita','');
INSERT INTO probasket.NACIONALIDAD (CODNACIONALIDAD, DESCRIPCION, RUTAIMAGEN) VALUES ('0012','Argelia','');
INSERT INTO probasket.NACIONALIDAD (CODNACIONALIDAD, DESCRIPCION, RUTAIMAGEN) VALUES ('0013','Argentina','');
INSERT INTO probasket.NACIONALIDAD (CODNACIONALIDAD, DESCRIPCION, RUTAIMAGEN) VALUES ('0014','Armenia','');
INSERT INTO probasket.NACIONALIDAD (CODNACIONALIDAD, DESCRIPCION, RUTAIMAGEN) VALUES ('0015','Aruba','');
INSERT INTO probasket.NACIONALIDAD (CODNACIONALIDAD, DESCRIPCION, RUTAIMAGEN) VALUES ('0016','Australia','');
INSERT INTO probasket.NACIONALIDAD (CODNACIONALIDAD, DESCRIPCION, RUTAIMAGEN) VALUES ('0017','Austria','');
INSERT INTO probasket.NACIONALIDAD (CODNACIONALIDAD, DESCRIPCION, RUTAIMAGEN) VALUES ('0018','Azerbaijan','');
INSERT INTO probasket.NACIONALIDAD (CODNACIONALIDAD, DESCRIPCION, RUTAIMAGEN) VALUES ('0019','Bahamas','');
INSERT INTO probasket.NACIONALIDAD (CODNACIONALIDAD, DESCRIPCION, RUTAIMAGEN) VALUES ('0020','Bahrain','');
INSERT INTO probasket.NACIONALIDAD (CODNACIONALIDAD, DESCRIPCION, RUTAIMAGEN) VALUES ('0021','Bangladesh','');
INSERT INTO probasket.NACIONALIDAD (CODNACIONALIDAD, DESCRIPCION, RUTAIMAGEN) VALUES ('0022','Barbados','');
INSERT INTO probasket.NACIONALIDAD (CODNACIONALIDAD, DESCRIPCION, RUTAIMAGEN) VALUES ('0023','Belarusia','');
INSERT INTO probasket.NACIONALIDAD (CODNACIONALIDAD, DESCRIPCION, RUTAIMAGEN) VALUES ('0024','Bélgica','');
INSERT INTO probasket.NACIONALIDAD (CODNACIONALIDAD, DESCRIPCION, RUTAIMAGEN) VALUES ('0025','Bélice','');
INSERT INTO probasket.NACIONALIDAD (CODNACIONALIDAD, DESCRIPCION, RUTAIMAGEN) VALUES ('0026','Benin','');
INSERT INTO probasket.NACIONALIDAD (CODNACIONALIDAD, DESCRIPCION, RUTAIMAGEN) VALUES ('0027','Bermudas','');
INSERT INTO probasket.NACIONALIDAD (CODNACIONALIDAD, DESCRIPCION, RUTAIMAGEN) VALUES ('0028','Bolivia','');
INSERT INTO probasket.NACIONALIDAD (CODNACIONALIDAD, DESCRIPCION, RUTAIMAGEN) VALUES ('0029','Bosnia','');
INSERT INTO probasket.NACIONALIDAD (CODNACIONALIDAD, DESCRIPCION, RUTAIMAGEN) VALUES ('0030','Botswana','');
INSERT INTO probasket.NACIONALIDAD (CODNACIONALIDAD, DESCRIPCION, RUTAIMAGEN) VALUES ('0031','Brasil','');
INSERT INTO probasket.NACIONALIDAD (CODNACIONALIDAD, DESCRIPCION, RUTAIMAGEN) VALUES ('0032','Brunei Darussulam','');
INSERT INTO probasket.NACIONALIDAD (CODNACIONALIDAD, DESCRIPCION, RUTAIMAGEN) VALUES ('0033','Bulgaria','');
INSERT INTO probasket.NACIONALIDAD (CODNACIONALIDAD, DESCRIPCION, RUTAIMAGEN) VALUES ('0034','Burkina Faso','');
INSERT INTO probasket.NACIONALIDAD (CODNACIONALIDAD, DESCRIPCION, RUTAIMAGEN) VALUES ('0035','Burundi','');
INSERT INTO probasket.NACIONALIDAD (CODNACIONALIDAD, DESCRIPCION, RUTAIMAGEN) VALUES ('0036','Butan','');
INSERT INTO probasket.NACIONALIDAD (CODNACIONALIDAD, DESCRIPCION, RUTAIMAGEN) VALUES ('0037','Camboya','');
INSERT INTO probasket.NACIONALIDAD (CODNACIONALIDAD, DESCRIPCION, RUTAIMAGEN) VALUES ('0038','Camerun','');
INSERT INTO probasket.NACIONALIDAD (CODNACIONALIDAD, DESCRIPCION, RUTAIMAGEN) VALUES ('0039','Canada','');
INSERT INTO probasket.NACIONALIDAD (CODNACIONALIDAD, DESCRIPCION, RUTAIMAGEN) VALUES ('0040','Cape Verde','');
INSERT INTO probasket.NACIONALIDAD (CODNACIONALIDAD, DESCRIPCION, RUTAIMAGEN) VALUES ('0041','Chad','');
INSERT INTO probasket.NACIONALIDAD (CODNACIONALIDAD, DESCRIPCION, RUTAIMAGEN) VALUES ('0042','Chile','');
INSERT INTO probasket.NACIONALIDAD (CODNACIONALIDAD, DESCRIPCION, RUTAIMAGEN) VALUES ('0043','China','');
INSERT INTO probasket.NACIONALIDAD (CODNACIONALIDAD, DESCRIPCION, RUTAIMAGEN) VALUES ('0044','Chipre','');
INSERT INTO probasket.NACIONALIDAD (CODNACIONALIDAD, DESCRIPCION, RUTAIMAGEN) VALUES ('0045','Colombia','');
INSERT INTO probasket.NACIONALIDAD (CODNACIONALIDAD, DESCRIPCION, RUTAIMAGEN) VALUES ('0046','Comoros','');
INSERT INTO probasket.NACIONALIDAD (CODNACIONALIDAD, DESCRIPCION, RUTAIMAGEN) VALUES ('0048','Corea del Norte','');
INSERT INTO probasket.NACIONALIDAD (CODNACIONALIDAD, DESCRIPCION, RUTAIMAGEN) VALUES ('0049','Corea del Sur','');
INSERT INTO probasket.NACIONALIDAD (CODNACIONALIDAD, DESCRIPCION, RUTAIMAGEN) VALUES ('0050','Costa de Marfíl','');
INSERT INTO probasket.NACIONALIDAD (CODNACIONALIDAD, DESCRIPCION, RUTAIMAGEN) VALUES ('0051','Costa Rica','');
INSERT INTO probasket.NACIONALIDAD (CODNACIONALIDAD, DESCRIPCION, RUTAIMAGEN) VALUES ('0053','Cuba','');
INSERT INTO probasket.NACIONALIDAD (CODNACIONALIDAD, DESCRIPCION, RUTAIMAGEN) VALUES ('0054','Dinamarca','');
INSERT INTO probasket.NACIONALIDAD (CODNACIONALIDAD, DESCRIPCION, RUTAIMAGEN) VALUES ('0055','Djibouti','');
INSERT INTO probasket.NACIONALIDAD (CODNACIONALIDAD, DESCRIPCION, RUTAIMAGEN) VALUES ('0056','Dominica','');
INSERT INTO probasket.NACIONALIDAD (CODNACIONALIDAD, DESCRIPCION, RUTAIMAGEN) VALUES ('0057','Ecuador','');
INSERT INTO probasket.NACIONALIDAD (CODNACIONALIDAD, DESCRIPCION, RUTAIMAGEN) VALUES ('0058','Egipto','');
INSERT INTO probasket.NACIONALIDAD (CODNACIONALIDAD, DESCRIPCION, RUTAIMAGEN) VALUES ('0059','El Salvador','');
INSERT INTO probasket.NACIONALIDAD (CODNACIONALIDAD, DESCRIPCION, RUTAIMAGEN) VALUES ('0060','Emiratos Arabes Unidos','');
INSERT INTO probasket.NACIONALIDAD (CODNACIONALIDAD, DESCRIPCION, RUTAIMAGEN) VALUES ('0061','Eritrea','');
INSERT INTO probasket.NACIONALIDAD (CODNACIONALIDAD, DESCRIPCION, RUTAIMAGEN) VALUES ('0063','Estonia','');
INSERT INTO probasket.NACIONALIDAD (CODNACIONALIDAD, DESCRIPCION, RUTAIMAGEN) VALUES ('0064','Etiopia','');
INSERT INTO probasket.NACIONALIDAD (CODNACIONALIDAD, DESCRIPCION, RUTAIMAGEN) VALUES ('0065','Fiji','');
INSERT INTO probasket.NACIONALIDAD (CODNACIONALIDAD, DESCRIPCION, RUTAIMAGEN) VALUES ('0066','Filipinas','');
INSERT INTO probasket.NACIONALIDAD (CODNACIONALIDAD, DESCRIPCION, RUTAIMAGEN) VALUES ('0067','Finlandia','');
INSERT INTO probasket.NACIONALIDAD (CODNACIONALIDAD, DESCRIPCION, RUTAIMAGEN) VALUES ('0069','Gabon','');
INSERT INTO probasket.NACIONALIDAD (CODNACIONALIDAD, DESCRIPCION, RUTAIMAGEN) VALUES ('0070','Gambia','');
INSERT INTO probasket.NACIONALIDAD (CODNACIONALIDAD, DESCRIPCION, RUTAIMAGEN) VALUES ('0071','Georgia','');
INSERT INTO probasket.NACIONALIDAD (CODNACIONALIDAD, DESCRIPCION, RUTAIMAGEN) VALUES ('0072','Ghana','');
INSERT INTO probasket.NACIONALIDAD (CODNACIONALIDAD, DESCRIPCION, RUTAIMAGEN) VALUES ('0073','Granada','');
INSERT INTO probasket.NACIONALIDAD (CODNACIONALIDAD, DESCRIPCION, RUTAIMAGEN) VALUES ('0074','Grecia','');
INSERT INTO probasket.NACIONALIDAD (CODNACIONALIDAD, DESCRIPCION, RUTAIMAGEN) VALUES ('0075','Groenlandia','');
INSERT INTO probasket.NACIONALIDAD (CODNACIONALIDAD, DESCRIPCION, RUTAIMAGEN) VALUES ('0076','Guadalupe','');
INSERT INTO probasket.NACIONALIDAD (CODNACIONALIDAD, DESCRIPCION, RUTAIMAGEN) VALUES ('0077','Guam','');
INSERT INTO probasket.NACIONALIDAD (CODNACIONALIDAD, DESCRIPCION, RUTAIMAGEN) VALUES ('0078','Guatemala','');
INSERT INTO probasket.NACIONALIDAD (CODNACIONALIDAD, DESCRIPCION, RUTAIMAGEN) VALUES ('0079','Guayana Francesa','');
INSERT INTO probasket.NACIONALIDAD (CODNACIONALIDAD, DESCRIPCION, RUTAIMAGEN) VALUES ('0080','Guerney','');
INSERT INTO probasket.NACIONALIDAD (CODNACIONALIDAD, DESCRIPCION, RUTAIMAGEN) VALUES ('0081','Guinea','');
INSERT INTO probasket.NACIONALIDAD (CODNACIONALIDAD, DESCRIPCION, RUTAIMAGEN) VALUES ('0082','Guinea-Bissau','');
INSERT INTO probasket.NACIONALIDAD (CODNACIONALIDAD, DESCRIPCION, RUTAIMAGEN) VALUES ('0083','Guinea Equatorial','');
INSERT INTO probasket.NACIONALIDAD (CODNACIONALIDAD, DESCRIPCION, RUTAIMAGEN) VALUES ('0084','Guyana','');
INSERT INTO probasket.NACIONALIDAD (CODNACIONALIDAD, DESCRIPCION, RUTAIMAGEN) VALUES ('0085','Haiti','');
INSERT INTO probasket.NACIONALIDAD (CODNACIONALIDAD, DESCRIPCION, RUTAIMAGEN) VALUES ('0086','Holanda','');
INSERT INTO probasket.NACIONALIDAD (CODNACIONALIDAD, DESCRIPCION, RUTAIMAGEN) VALUES ('0087','Honduras','');
INSERT INTO probasket.NACIONALIDAD (CODNACIONALIDAD, DESCRIPCION, RUTAIMAGEN) VALUES ('0088','Hong Kong','');
INSERT INTO probasket.NACIONALIDAD (CODNACIONALIDAD, DESCRIPCION, RUTAIMAGEN) VALUES ('0089','Hungria','');
INSERT INTO probasket.NACIONALIDAD (CODNACIONALIDAD, DESCRIPCION, RUTAIMAGEN) VALUES ('0090','India','');
INSERT INTO probasket.NACIONALIDAD (CODNACIONALIDAD, DESCRIPCION, RUTAIMAGEN) VALUES ('0091','Indonesia','');
INSERT INTO probasket.NACIONALIDAD (CODNACIONALIDAD, DESCRIPCION, RUTAIMAGEN) VALUES ('0092','Irak','');
INSERT INTO probasket.NACIONALIDAD (CODNACIONALIDAD, DESCRIPCION, RUTAIMAGEN) VALUES ('0093','Iran','');
INSERT INTO probasket.NACIONALIDAD (CODNACIONALIDAD, DESCRIPCION, RUTAIMAGEN) VALUES ('0094','Irlanda','');
INSERT INTO probasket.NACIONALIDAD (CODNACIONALIDAD, DESCRIPCION, RUTAIMAGEN) VALUES ('0096','Islas Caiman','');
INSERT INTO probasket.NACIONALIDAD (CODNACIONALIDAD, DESCRIPCION, RUTAIMAGEN) VALUES ('0097','Islas Faroe','');
INSERT INTO probasket.NACIONALIDAD (CODNACIONALIDAD, DESCRIPCION, RUTAIMAGEN) VALUES ('0098','Islas Malvinas','');
INSERT INTO probasket.NACIONALIDAD (CODNACIONALIDAD, DESCRIPCION, RUTAIMAGEN) VALUES ('0099','Islas Marshall','');
INSERT INTO probasket.NACIONALIDAD (CODNACIONALIDAD, DESCRIPCION, RUTAIMAGEN) VALUES ('0100','Islas Solomon','');
INSERT INTO probasket.NACIONALIDAD (CODNACIONALIDAD, DESCRIPCION, RUTAIMAGEN) VALUES ('0101','Islas Virgenes Britanicas','');
INSERT INTO probasket.NACIONALIDAD (CODNACIONALIDAD, DESCRIPCION, RUTAIMAGEN) VALUES ('0102','Islas Virgenes (U.S.)','');
INSERT INTO probasket.NACIONALIDAD (CODNACIONALIDAD, DESCRIPCION, RUTAIMAGEN) VALUES ('0103','Israel','');
INSERT INTO probasket.NACIONALIDAD (CODNACIONALIDAD, DESCRIPCION, RUTAIMAGEN) VALUES ('0105','Jamaica','');
INSERT INTO probasket.NACIONALIDAD (CODNACIONALIDAD, DESCRIPCION, RUTAIMAGEN) VALUES ('0106','Japon','');
INSERT INTO probasket.NACIONALIDAD (CODNACIONALIDAD, DESCRIPCION, RUTAIMAGEN) VALUES ('0107','Jersey','');
INSERT INTO probasket.NACIONALIDAD (CODNACIONALIDAD, DESCRIPCION, RUTAIMAGEN) VALUES ('0108','Jordania','');
INSERT INTO probasket.NACIONALIDAD (CODNACIONALIDAD, DESCRIPCION, RUTAIMAGEN) VALUES ('0109','Kazakhstan','');
INSERT INTO probasket.NACIONALIDAD (CODNACIONALIDAD, DESCRIPCION, RUTAIMAGEN) VALUES ('0110','Kenia','');
INSERT INTO probasket.NACIONALIDAD (CODNACIONALIDAD, DESCRIPCION, RUTAIMAGEN) VALUES ('0111','Kiribati','');
INSERT INTO probasket.NACIONALIDAD (CODNACIONALIDAD, DESCRIPCION, RUTAIMAGEN) VALUES ('0112','Kuwait','');
INSERT INTO probasket.NACIONALIDAD (CODNACIONALIDAD, DESCRIPCION, RUTAIMAGEN) VALUES ('0113','Kyrgyzstan','');
INSERT INTO probasket.NACIONALIDAD (CODNACIONALIDAD, DESCRIPCION, RUTAIMAGEN) VALUES ('0114','Laos','');
INSERT INTO probasket.NACIONALIDAD (CODNACIONALIDAD, DESCRIPCION, RUTAIMAGEN) VALUES ('0115','Latvia','');
INSERT INTO probasket.NACIONALIDAD (CODNACIONALIDAD, DESCRIPCION, RUTAIMAGEN) VALUES ('0116','Lesotho','');
INSERT INTO probasket.NACIONALIDAD (CODNACIONALIDAD, DESCRIPCION, RUTAIMAGEN) VALUES ('0117','Libano','');
INSERT INTO probasket.NACIONALIDAD (CODNACIONALIDAD, DESCRIPCION, RUTAIMAGEN) VALUES ('0118','Liberia','');
INSERT INTO probasket.NACIONALIDAD (CODNACIONALIDAD, DESCRIPCION, RUTAIMAGEN) VALUES ('0119','Libia','');
INSERT INTO probasket.NACIONALIDAD (CODNACIONALIDAD, DESCRIPCION, RUTAIMAGEN) VALUES ('0120','Liechtenstein','');
INSERT INTO probasket.NACIONALIDAD (CODNACIONALIDAD, DESCRIPCION, RUTAIMAGEN) VALUES ('0122','Luxemburgo','');
INSERT INTO probasket.NACIONALIDAD (CODNACIONALIDAD, DESCRIPCION, RUTAIMAGEN) VALUES ('0123','Macao','');
INSERT INTO probasket.NACIONALIDAD (CODNACIONALIDAD, DESCRIPCION, RUTAIMAGEN) VALUES ('0124','Macedonia','');
INSERT INTO probasket.NACIONALIDAD (CODNACIONALIDAD, DESCRIPCION, RUTAIMAGEN) VALUES ('0126','Malasia','');
INSERT INTO probasket.NACIONALIDAD (CODNACIONALIDAD, DESCRIPCION, RUTAIMAGEN) VALUES ('0127','Malawi','');
INSERT INTO probasket.NACIONALIDAD (CODNACIONALIDAD, DESCRIPCION, RUTAIMAGEN) VALUES ('0128','Maldivas','');
INSERT INTO probasket.NACIONALIDAD (CODNACIONALIDAD, DESCRIPCION, RUTAIMAGEN) VALUES ('0129','Mali','');
INSERT INTO probasket.NACIONALIDAD (CODNACIONALIDAD, DESCRIPCION, RUTAIMAGEN) VALUES ('0130','Malta','');
INSERT INTO probasket.NACIONALIDAD (CODNACIONALIDAD, DESCRIPCION, RUTAIMAGEN) VALUES ('0131','Marruecos','');
INSERT INTO probasket.NACIONALIDAD (CODNACIONALIDAD, DESCRIPCION, RUTAIMAGEN) VALUES ('0132','Martinica','');
INSERT INTO probasket.NACIONALIDAD (CODNACIONALIDAD, DESCRIPCION, RUTAIMAGEN) VALUES ('0133','Mauricio','');
INSERT INTO probasket.NACIONALIDAD (CODNACIONALIDAD, DESCRIPCION, RUTAIMAGEN) VALUES ('0134','Mauritania','');
INSERT INTO probasket.NACIONALIDAD (CODNACIONALIDAD, DESCRIPCION, RUTAIMAGEN) VALUES ('0135','Mexico','');
INSERT INTO probasket.NACIONALIDAD (CODNACIONALIDAD, DESCRIPCION, RUTAIMAGEN) VALUES ('0136','Micronesia','');
INSERT INTO probasket.NACIONALIDAD (CODNACIONALIDAD, DESCRIPCION, RUTAIMAGEN) VALUES ('0137','Moldavia','');
INSERT INTO probasket.NACIONALIDAD (CODNACIONALIDAD, DESCRIPCION, RUTAIMAGEN) VALUES ('0138','Monaco','');
INSERT INTO probasket.NACIONALIDAD (CODNACIONALIDAD, DESCRIPCION, RUTAIMAGEN) VALUES ('0139','Mongolia','');
INSERT INTO probasket.NACIONALIDAD (CODNACIONALIDAD, DESCRIPCION, RUTAIMAGEN) VALUES ('0140','Mozambique','');
INSERT INTO probasket.NACIONALIDAD (CODNACIONALIDAD, DESCRIPCION, RUTAIMAGEN) VALUES ('0141','Myanmar(Burma)','');
INSERT INTO probasket.NACIONALIDAD (CODNACIONALIDAD, DESCRIPCION, RUTAIMAGEN) VALUES ('0142','Namibia','');
INSERT INTO probasket.NACIONALIDAD (CODNACIONALIDAD, DESCRIPCION, RUTAIMAGEN) VALUES ('0143','Nepal','');
INSERT INTO probasket.NACIONALIDAD (CODNACIONALIDAD, DESCRIPCION, RUTAIMAGEN) VALUES ('0144','Nicaragua','');
INSERT INTO probasket.NACIONALIDAD (CODNACIONALIDAD, DESCRIPCION, RUTAIMAGEN) VALUES ('0145','Niger','');
INSERT INTO probasket.NACIONALIDAD (CODNACIONALIDAD, DESCRIPCION, RUTAIMAGEN) VALUES ('0146','Nigeria','');
INSERT INTO probasket.NACIONALIDAD (CODNACIONALIDAD, DESCRIPCION, RUTAIMAGEN) VALUES ('0147','Noruega','');
INSERT INTO probasket.NACIONALIDAD (CODNACIONALIDAD, DESCRIPCION, RUTAIMAGEN) VALUES ('0148','Nueva Caledonia','');
INSERT INTO probasket.NACIONALIDAD (CODNACIONALIDAD, DESCRIPCION, RUTAIMAGEN) VALUES ('0149','Nueva Zealandia','');
INSERT INTO probasket.NACIONALIDAD (CODNACIONALIDAD, DESCRIPCION, RUTAIMAGEN) VALUES ('0150','Oman','');
INSERT INTO probasket.NACIONALIDAD (CODNACIONALIDAD, DESCRIPCION, RUTAIMAGEN) VALUES ('0151','Pakistan','');
INSERT INTO probasket.NACIONALIDAD (CODNACIONALIDAD, DESCRIPCION, RUTAIMAGEN) VALUES ('0152','Palestina','');
INSERT INTO probasket.NACIONALIDAD (CODNACIONALIDAD, DESCRIPCION, RUTAIMAGEN) VALUES ('0153','Panama','');
INSERT INTO probasket.NACIONALIDAD (CODNACIONALIDAD, DESCRIPCION, RUTAIMAGEN) VALUES ('0154','Papua Nueva Guinea','');
INSERT INTO probasket.NACIONALIDAD (CODNACIONALIDAD, DESCRIPCION, RUTAIMAGEN) VALUES ('0155','Paraguay','');
INSERT INTO probasket.NACIONALIDAD (CODNACIONALIDAD, DESCRIPCION, RUTAIMAGEN) VALUES ('0156','Peru','');
INSERT INTO probasket.NACIONALIDAD (CODNACIONALIDAD, DESCRIPCION, RUTAIMAGEN) VALUES ('0157','Polinesia Francesa','');
INSERT INTO probasket.NACIONALIDAD (CODNACIONALIDAD, DESCRIPCION, RUTAIMAGEN) VALUES ('0158','Polonia','');
INSERT INTO probasket.NACIONALIDAD (CODNACIONALIDAD, DESCRIPCION, RUTAIMAGEN) VALUES ('0159','Portugal','');
INSERT INTO probasket.NACIONALIDAD (CODNACIONALIDAD, DESCRIPCION, RUTAIMAGEN) VALUES ('0160','Puerto Rico','');
INSERT INTO probasket.NACIONALIDAD (CODNACIONALIDAD, DESCRIPCION, RUTAIMAGEN) VALUES ('0161','Qatar','');
INSERT INTO probasket.NACIONALIDAD (CODNACIONALIDAD, DESCRIPCION, RUTAIMAGEN) VALUES ('0162','Reino Unido','');
INSERT INTO probasket.NACIONALIDAD (CODNACIONALIDAD, DESCRIPCION, RUTAIMAGEN) VALUES ('0163','Republica Centroafricana','');
INSERT INTO probasket.NACIONALIDAD (CODNACIONALIDAD, DESCRIPCION, RUTAIMAGEN) VALUES ('0164','Republica Checa','');
INSERT INTO probasket.NACIONALIDAD (CODNACIONALIDAD, DESCRIPCION, RUTAIMAGEN) VALUES ('0165','Republica Democratica del Congo','');
INSERT INTO probasket.NACIONALIDAD (CODNACIONALIDAD, DESCRIPCION, RUTAIMAGEN) VALUES ('0166','Republica Dominicana','');
INSERT INTO probasket.NACIONALIDAD (CODNACIONALIDAD, DESCRIPCION, RUTAIMAGEN) VALUES ('0167','Republica Eslovaca','');
INSERT INTO probasket.NACIONALIDAD (CODNACIONALIDAD, DESCRIPCION, RUTAIMAGEN) VALUES ('0168','Reunion','');
INSERT INTO probasket.NACIONALIDAD (CODNACIONALIDAD, DESCRIPCION, RUTAIMAGEN) VALUES ('0169','Ruanda','');
INSERT INTO probasket.NACIONALIDAD (CODNACIONALIDAD, DESCRIPCION, RUTAIMAGEN) VALUES ('0170','Rumania','');
INSERT INTO probasket.NACIONALIDAD (CODNACIONALIDAD, DESCRIPCION, RUTAIMAGEN) VALUES ('0171','Rusia','');
INSERT INTO probasket.NACIONALIDAD (CODNACIONALIDAD, DESCRIPCION, RUTAIMAGEN) VALUES ('0172','Sahara','');
INSERT INTO probasket.NACIONALIDAD (CODNACIONALIDAD, DESCRIPCION, RUTAIMAGEN) VALUES ('0173','Samoa','');
INSERT INTO probasket.NACIONALIDAD (CODNACIONALIDAD, DESCRIPCION, RUTAIMAGEN) VALUES ('0174','San Cristobal-Nevis (St. Kitts)','');
INSERT INTO probasket.NACIONALIDAD (CODNACIONALIDAD, DESCRIPCION, RUTAIMAGEN) VALUES ('0175','San Marino','');
INSERT INTO probasket.NACIONALIDAD (CODNACIONALIDAD, DESCRIPCION, RUTAIMAGEN) VALUES ('0176','San Vincente y las Granadinas','');
INSERT INTO probasket.NACIONALIDAD (CODNACIONALIDAD, DESCRIPCION, RUTAIMAGEN) VALUES ('0177','Santa Helena','');
INSERT INTO probasket.NACIONALIDAD (CODNACIONALIDAD, DESCRIPCION, RUTAIMAGEN) VALUES ('0178','Santa Lucia','');
INSERT INTO probasket.NACIONALIDAD (CODNACIONALIDAD, DESCRIPCION, RUTAIMAGEN) VALUES ('0179','Santa Sede (Vaticano)','');
INSERT INTO probasket.NACIONALIDAD (CODNACIONALIDAD, DESCRIPCION, RUTAIMAGEN) VALUES ('0180','Sao Tome & Principe','');
INSERT INTO probasket.NACIONALIDAD (CODNACIONALIDAD, DESCRIPCION, RUTAIMAGEN) VALUES ('0182','Seychelles','');
INSERT INTO probasket.NACIONALIDAD (CODNACIONALIDAD, DESCRIPCION, RUTAIMAGEN) VALUES ('0183','Sierra Leona','');
INSERT INTO probasket.NACIONALIDAD (CODNACIONALIDAD, DESCRIPCION, RUTAIMAGEN) VALUES ('0184','Singapur','');
INSERT INTO probasket.NACIONALIDAD (CODNACIONALIDAD, DESCRIPCION, RUTAIMAGEN) VALUES ('0185','Siria','');
INSERT INTO probasket.NACIONALIDAD (CODNACIONALIDAD, DESCRIPCION, RUTAIMAGEN) VALUES ('0186','Somalia','');
INSERT INTO probasket.NACIONALIDAD (CODNACIONALIDAD, DESCRIPCION, RUTAIMAGEN) VALUES ('0187','Sri Lanka (Ceilan)','');
INSERT INTO probasket.NACIONALIDAD (CODNACIONALIDAD, DESCRIPCION, RUTAIMAGEN) VALUES ('0188','Sudan','');
INSERT INTO probasket.NACIONALIDAD (CODNACIONALIDAD, DESCRIPCION, RUTAIMAGEN) VALUES ('0189','Suecia','');
INSERT INTO probasket.NACIONALIDAD (CODNACIONALIDAD, DESCRIPCION, RUTAIMAGEN) VALUES ('0190','Suiza','');
INSERT INTO probasket.NACIONALIDAD (CODNACIONALIDAD, DESCRIPCION, RUTAIMAGEN) VALUES ('0191','Sudafrica','');
INSERT INTO probasket.NACIONALIDAD (CODNACIONALIDAD, DESCRIPCION, RUTAIMAGEN) VALUES ('0192','Surinam','');
INSERT INTO probasket.NACIONALIDAD (CODNACIONALIDAD, DESCRIPCION, RUTAIMAGEN) VALUES ('0193','Swaziland','');
INSERT INTO probasket.NACIONALIDAD (CODNACIONALIDAD, DESCRIPCION, RUTAIMAGEN) VALUES ('0194','Tailandia','');
INSERT INTO probasket.NACIONALIDAD (CODNACIONALIDAD, DESCRIPCION, RUTAIMAGEN) VALUES ('0195','Taiwan','');
INSERT INTO probasket.NACIONALIDAD (CODNACIONALIDAD, DESCRIPCION, RUTAIMAGEN) VALUES ('0196','Tajikistan','');
INSERT INTO probasket.NACIONALIDAD (CODNACIONALIDAD, DESCRIPCION, RUTAIMAGEN) VALUES ('0197','Tanzania','');
INSERT INTO probasket.NACIONALIDAD (CODNACIONALIDAD, DESCRIPCION, RUTAIMAGEN) VALUES ('0198','Timor Oriental','');
INSERT INTO probasket.NACIONALIDAD (CODNACIONALIDAD, DESCRIPCION, RUTAIMAGEN) VALUES ('0199','Togo','');
INSERT INTO probasket.NACIONALIDAD (CODNACIONALIDAD, DESCRIPCION, RUTAIMAGEN) VALUES ('0200','Tokelau','');
INSERT INTO probasket.NACIONALIDAD (CODNACIONALIDAD, DESCRIPCION, RUTAIMAGEN) VALUES ('0201','Tonga','');
INSERT INTO probasket.NACIONALIDAD (CODNACIONALIDAD, DESCRIPCION, RUTAIMAGEN) VALUES ('0202','Trinidad & Tobago','');
INSERT INTO probasket.NACIONALIDAD (CODNACIONALIDAD, DESCRIPCION, RUTAIMAGEN) VALUES ('0203','Tunisia','');
INSERT INTO probasket.NACIONALIDAD (CODNACIONALIDAD, DESCRIPCION, RUTAIMAGEN) VALUES ('0204','Turkmenistan','');
INSERT INTO probasket.NACIONALIDAD (CODNACIONALIDAD, DESCRIPCION, RUTAIMAGEN) VALUES ('0205','Turquia','');
INSERT INTO probasket.NACIONALIDAD (CODNACIONALIDAD, DESCRIPCION, RUTAIMAGEN) VALUES ('0206','Ucrania','');
INSERT INTO probasket.NACIONALIDAD (CODNACIONALIDAD, DESCRIPCION, RUTAIMAGEN) VALUES ('0207','Uganda','');
INSERT INTO probasket.NACIONALIDAD (CODNACIONALIDAD, DESCRIPCION, RUTAIMAGEN) VALUES ('0208','Uruguay','');
INSERT INTO probasket.NACIONALIDAD (CODNACIONALIDAD, DESCRIPCION, RUTAIMAGEN) VALUES ('0209','Uzbekistan','');
INSERT INTO probasket.NACIONALIDAD (CODNACIONALIDAD, DESCRIPCION, RUTAIMAGEN) VALUES ('0210','Vanuatu','');
INSERT INTO probasket.NACIONALIDAD (CODNACIONALIDAD, DESCRIPCION, RUTAIMAGEN) VALUES ('0211','Venezuela','');
INSERT INTO probasket.NACIONALIDAD (CODNACIONALIDAD, DESCRIPCION, RUTAIMAGEN) VALUES ('0212','Vietnam','');
INSERT INTO probasket.NACIONALIDAD (CODNACIONALIDAD, DESCRIPCION, RUTAIMAGEN) VALUES ('0213','Yemen','');
INSERT INTO probasket.NACIONALIDAD (CODNACIONALIDAD, DESCRIPCION, RUTAIMAGEN) VALUES ('0214','Yugoslavia','');
INSERT INTO probasket.NACIONALIDAD (CODNACIONALIDAD, DESCRIPCION, RUTAIMAGEN) VALUES ('0215','Zambia','');
INSERT INTO probasket.NACIONALIDAD (CODNACIONALIDAD, DESCRIPCION, RUTAIMAGEN) VALUES ('0216','Zimbabwe','');



-- .............................................................................................
--..............................................................................................
-- .............................................................................................
--..............................................................................................
--INSERT INTO OPERACION ( CODOPERA, DESCRIPCION) VALUES ('0000000001', 'XXXXXXXXXXXXXXXX');
-- .................

	

--INSERT INTO PROP_CONFIG ( ID, CLAVE, VALOR, COMENTARIO, VISIBLE ) VALUES (1, 'org.quartz.scheduler.instanceName', 'DefaultQuartzScheduler', '#Nombre del planificador', 1); 
